,,,,,,EMCS IO List,,,,,,,,,,,,,,,DOCUMENT ID NO:,,,,9832-ELE-3210006035-LST-1010,,,
,,,,,,,,,,,,,,,,,,,,,VENDOR'S DOCUMENT NO.,,,,(3)G37014-K4222-B100005,,,
,,,,,,,,,,,,,,,,,,,,,CHANGE :,,,,ISSUED FOR CONSTRUCTION,,,
,,,,,,,,,,,,,,,,,,,,,REVISION NUMBER:          ,,,,2,,,
,,PROJECT NAME:,,,PCMS PKT Revamp Amonia,,,,,,,,,,,,,,,,,,,,,,,
,,END USER:,,,PT. Pupuk Kalimantan Timur,,,,,,,,,,,,,,,,,,,,,,,
,,CUSTOMER:,,,PT. Tripatra Engineers and Constructors,,,,,,,,,,,,,,,,,,,,,,,
,,,,,,,,,,,,,,,,,,,,,,,,,,,,
,,NO.,LINE UP,Tag Number,FEEDER NAME,SIGNAL,DEVICE,SIGNAL TYPE,,, Devices to RTU,,,RTU to EMCS,,,,,,,,,,,,,,REMARKS
,,,,,,,,AI,DI,DO,Protocol,Type,Register / Telegram Address,Protocol,IOA1,,,,,,IOA2,IOA3,Unit,"HMI
SCREEN",EVENT,ALARM,TREND,
,,,,,,,,,,,,,,,,,,,,,,,,,,,,
,,,,,,,,,,,,,,,,,,,,,,,,,,,,
GT7510-01,,1,SG7560,,Gas Turbine Generator GT-7510,24 - Volts per Hertz relay,TBA,-,X,-,IEC61850,SP,TBA,IEC104,1,,,,,,1,0,-,X,X,X,-,
GT7510-02,,2,SG7560,,Gas Turbine Generator GT-7510,27 - Undervoltage relay,TBA,-,X,-,IEC61850,SP,TBA,IEC104,1,,,,,,2,0,-,X,X,X,-,
GT7510-03,,3,SG7560,,Gas Turbine Generator GT-7510,32 - Directional power relay,TBA,-,X,-,IEC61850,SP,TBA,IEC104,1,,,,,,3,0,-,X,X,X,-,
GT7510-04,,4,SG7560,,Gas Turbine Generator GT-7510,40 - Loss of field relay,TBA,-,X,-,IEC61850,SP,TBA,IEC104,1,,,,,,4,0,-,X,X,X,-,
GT7510-05,,5,SG7560,,Gas Turbine Generator GT-7510,46 - Reverse-phase or phase-balance current relay,TBA,-,X,-,IEC61850,SP,TBA,IEC104,1,,,,,,5,0,-,X,X,X,-,
GT7510-06,,6,SG7560,,Gas Turbine Generator GT-7510,49 - Thermal overload relay,TBA,-,X,-,IEC61850,SP,TBA,IEC104,1,,,,,,6,0,-,X,X,X,-,
GT7510-07,,7,SG7560,,Gas Turbine Generator GT-7510,50 - Instantaneuous Over-current relay,TBA,-,X,-,IEC61850,SP,TBA,IEC104,1,,,,,,7,0,-,X,X,X,-,
GT7510-08,,8,SG7560,,Gas Turbine Generator GT-7510,51 - Time Over-current relay,TBA,-,X,-,IEC61850,SP,TBA,IEC104,1,,,,,,8,0,-,X,X,X,-,
GT7510-09,,9,SG7560,,Gas Turbine Generator GT-7510,59 - Overvoltage relay,TBA,-,X,-,IEC61850,SP,TBA,IEC104,1,,,,,,9,0,-,X,X,X,-,
GT7510-10,,10,SG7560,,Gas Turbine Generator GT-7510,87 - Differential protective relay,TBA,-,X,-,IEC61850,SP,TBA,IEC104,1,,,,,,10,0,-,X,X,X,-,
GT7510-11,,11,SG7560,,Gas Turbine Generator GT-7510,51G - Ground overcurrent relay,TBA,-,X,-,IEC61850,SP,TBA,IEC104,1,,,,,,11,0,-,X,X,X,-,
GT7510-12,,12,SG7560,,Gas Turbine Generator GT-7510,51V - Voltage-controlled or voltage-restrained overcurrent relay,TBA,-,X,-,IEC61850,SP,TBA,IEC104,1,,,,,,12,0,-,X,X,X,-,
GT7510-13,,13,SG7560,,Gas Turbine Generator GT-7510,81 U - Under Frequency relay,TBA,-,X,-,IEC61850,SP,TBA,IEC104,1,,,,,,13,0,-,X,X,X,-,
GT7510-14,,14,SG7560,,Gas Turbine Generator GT-7510,82 0 - Over Frequency relay,TBA,-,X,-,IEC61850,SP,TBA,IEC104,1,,,,,,14,0,-,X,X,X,-,
GT7510-15,,15,SG7560,,Gas Turbine Generator GT-7510,47 - Phase sequence voltage relay,TBA,-,X,-,IEC61850,SP,TBA,IEC104,1,,,,,,15,0,-,X,X,X,-,
GT7510-16,,16,SG7560,,Gas Turbine Generator GT-7510,74 - Trip Circuit Supervision Alarm,TBA,-,X,-,IEC61850,SP,TBA,IEC104,1,,,,,,16,0,-,X,X,X,-,
GT7510-17,,17,SG7560,,Gas Turbine Generator GT-7510,Line-Neutral Voltage (L1-G),TBA,X,-,-,IEC61850,MX,TBA,IEC104,1,,,,,,17,0,kV,X,-,-,X,
GT7510-18,,18,SG7560,,Gas Turbine Generator GT-7510,Line-Neutral Voltage (L2-G),TBA,X,-,-,IEC61850,MX,TBA,IEC104,1,,,,,,18,0,kV,X,-,-,X,
GT7510-19,,19,SG7560,,Gas Turbine Generator GT-7510,Line-Neutral Voltage (L3-G),TBA,X,-,-,IEC61850,MX,TBA,IEC104,1,,,,,,19,0,kV,X,-,-,X,
GT7510-20,,20,SG7560,,Gas Turbine Generator GT-7510,Line-Line Voltage (L1-L2),TBA,X,-,-,IEC61850,MX,TBA,IEC104,1,,,,,,20,0,kV,X,-,-,X,
GT7510-21,,21,SG7560,,Gas Turbine Generator GT-7510,Line-Line Voltage (L1-L3),TBA,X,-,-,IEC61850,MX,TBA,IEC104,1,,,,,,21,0,kV,X,-,-,X,
GT7510-22,,22,SG7560,,Gas Turbine Generator GT-7510,Line-Line Voltage (L2-L3),TBA,X,-,-,IEC61850,MX,TBA,IEC104,1,,,,,,22,0,kV,X,-,-,X,
GT7510-23,,23,SG7560,,Gas Turbine Generator GT-7510,Current Phase L1,TBA,X,-,-,IEC61850,MX,TBA,IEC104,1,,,,,,23,0,Amp,X,-,-,X,
GT7510-24,,24,SG7560,,Gas Turbine Generator GT-7510,Current Phase L2,TBA,X,-,-,IEC61850,MX,TBA,IEC104,1,,,,,,24,0,Amp,X,-,-,X,
GT7510-25,,25,SG7560,,Gas Turbine Generator GT-7510,Current Phase L3,TBA,X,-,-,IEC61850,MX,TBA,IEC104,1,,,,,,25,0,Amp,X,-,-,X,
GT7510-26,,26,SG7560,,Gas Turbine Generator GT-7510,Power Factor,TBA,X,-,-,IEC61850,MX,TBA,IEC104,1,,,,,,26,0,-,X,-,-,X,
GT7510-27,,27,SG7560,,Gas Turbine Generator GT-7510,Frequency,TBA,X,-,-,IEC61850,MX,TBA,IEC104,1,,,,,,27,0,Hz,X,-,-,X,
GT7510-28,,28,SG7560,,Gas Turbine Generator GT-7510,Active Power,TBA,X,-,-,IEC61850,MX,TBA,IEC104,1,,,,,,28,0,kW,X,-,-,X,
GT7510-29,,29,SG7560,,Gas Turbine Generator GT-7510,Reactive Power,TBA,X,-,-,IEC61850,MX,TBA,IEC104,1,,,,,,29,0,Kvar,X,-,-,X,
GT7510-30,,30,SG7560,,Gas Turbine Generator GT-7510,VCB incomer (VCB-7560) at MV SWGR Opened/Closed,TBA,-,X,-,IEC61850,DP,TBA,IEC104,1,,,,,,30,0,-,X,X,-,-,
GT7510-31,,31,SG7560,,Gas Turbine Generator GT-7510,VCB incomer (VCB-7560) at MV SWGR Trip,TBA,-,X,-,IEC61850,SP,TBA,IEC104,1,,,,,,31,0,-,X,X,-,-,
GT7510-32,,32,SG7560,,Gas Turbine Generator GT-7510,GTG Engine Parameters 1,TBA,0,0,0,IEC61850,TBA,TBA,IEC104,1,,,,,,32,0,-,TBA,TBA,TBA,TBA,
GT7510-33,,33,SG7560,,Gas Turbine Generator GT-7510,GTG Engine Parameters 2,TBA,0,0,0,IEC61850,TBA,TBA,IEC104,1,,,,,,33,0,-,TBA,TBA,TBA,TBA,
GT7510-34,,34,SG7560,,Gas Turbine Generator GT-7510,GTG Engine Parameters 3,TBA,0,0,0,IEC61850,TBA,TBA,IEC104,1,,,,,,34,0,-,TBA,TBA,TBA,TBA,
GT7510-35,,35,SG7560,,Gas Turbine Generator GT-7510,GTG Engine Parameters 4,TBA,0,0,0,IEC61850,TBA,TBA,IEC104,1,,,,,,35,0,-,TBA,TBA,TBA,TBA,
GT7510-36,,36,SG7560,,Gas Turbine Generator GT-7510,GTG Engine Parameters 5,TBA,0,0,0,IEC61850,TBA,TBA,IEC104,1,,,,,,36,0,-,TBA,TBA,TBA,TBA,
GT7510-37,,37,SG7560,,Gas Turbine Generator GT-7510,GTG Engine Parameters 6,TBA,0,0,0,IEC61850,TBA,TBA,IEC104,1,,,,,,37,0,-,TBA,TBA,TBA,TBA,
GT7510-38,,38,SG7560,,Gas Turbine Generator GT-7510,GTG Engine Parameters 7,TBA,0,0,0,IEC61850,TBA,TBA,IEC104,1,,,,,,38,0,-,TBA,TBA,TBA,TBA,
GT7510-39,,39,SG7560,,Gas Turbine Generator GT-7510,GTG Engine Parameters 8,TBA,0,0,0,IEC61850,TBA,TBA,IEC104,1,,,,,,39,0,-,TBA,TBA,TBA,TBA,
GT7510-40,,40,SG7560,,Gas Turbine Generator GT-7510,GTG Engine Parameters 9,TBA,0,0,0,IEC61850,TBA,TBA,IEC104,1,,,,,,40,0,-,TBA,TBA,TBA,TBA,
GT7510-41,,41,SG7560,,Gas Turbine Generator GT-7510,GTG Engine Parameters 10,TBA,0,0,0,IEC61850,TBA,TBA,IEC104,1,,,,,,41,0,-,TBA,TBA,TBA,TBA,
GT7510-42,,42,SG7560,,Gas Turbine Generator GT-7510,Synchro command,TBA,-,-,X,IEC61850,SC,TBA,IEC104,1,,,,,,42,0,-,X,X,-,-,
GT7510-43,,43,SG7560,,Gas Turbine Generator GT-7510,Automatic Synchronize Initiate,TBA,-,-,X,IEC61850,SC,TBA,IEC104,1,,,,,,43,0,-,X,X,-,-,
,,,,,,,,,,,,,,,,,,,,,,,,,,,,
GT7520-01,,44,SG7560,,Gas Turbine Generator GT-7520,24 - Volts per Hertz relay,TBA,-,X,-,IEC61850,SP,TBA,IEC104,2,,,,,,1,0,-,X,X,X,-,
GT7520-02,,45,SG7560,,Gas Turbine Generator GT-7520,27 - Undervoltage relay,TBA,-,X,-,IEC61850,SP,TBA,IEC104,2,,,,,,2,0,-,X,X,X,-,
GT7520-03,,46,SG7560,,Gas Turbine Generator GT-7520,32 - Directional power relay,TBA,-,X,-,IEC61850,SP,TBA,IEC104,2,,,,,,3,0,-,X,X,X,-,
GT7520-04,,47,SG7560,,Gas Turbine Generator GT-7520,40 - Loss of field relay,TBA,-,X,-,IEC61850,SP,TBA,IEC104,2,,,,,,4,0,-,X,X,X,-,
GT7520-05,,48,SG7560,,Gas Turbine Generator GT-7520,46 - Reverse-phase or phase-balance current relay,TBA,-,X,-,IEC61850,SP,TBA,IEC104,2,,,,,,5,0,-,X,X,X,-,
GT7520-06,,49,SG7560,,Gas Turbine Generator GT-7520,49 - Thermal overload relay,TBA,-,X,-,IEC61850,SP,TBA,IEC104,2,,,,,,6,0,-,X,X,X,-,
GT7520-07,,50,SG7560,,Gas Turbine Generator GT-7520,50 - Instantaneuous Over-current relay,TBA,-,X,-,IEC61850,SP,TBA,IEC104,2,,,,,,7,0,-,X,X,X,-,
GT7520-08,,51,SG7560,,Gas Turbine Generator GT-7520,51 - Time Over-current relay,TBA,-,X,-,IEC61850,SP,TBA,IEC104,2,,,,,,8,0,-,X,X,X,-,
GT7520-09,,52,SG7560,,Gas Turbine Generator GT-7520,59 - Overvoltage relay,TBA,-,X,-,IEC61850,SP,TBA,IEC104,2,,,,,,9,0,-,X,X,X,-,
GT7520-10,,53,SG7560,,Gas Turbine Generator GT-7520,87 - Differential protective relay,TBA,-,X,-,IEC61850,SP,TBA,IEC104,2,,,,,,10,0,-,X,X,X,-,
GT7520-11,,54,SG7560,,Gas Turbine Generator GT-7520,51G - Ground overcurrent relay,TBA,-,X,-,IEC61850,SP,TBA,IEC104,2,,,,,,11,0,-,X,X,X,-,
GT7520-12,,55,SG7560,,Gas Turbine Generator GT-7520,51V - Voltage-controlled or voltage-restrained overcurrent relay,TBA,-,X,-,IEC61850,SP,TBA,IEC104,2,,,,,,12,0,-,X,X,X,-,
GT7520-13,,56,SG7560,,Gas Turbine Generator GT-7520,81 U - Under Frequency relay,TBA,-,X,-,IEC61850,SP,TBA,IEC104,2,,,,,,13,0,-,X,X,X,-,
GT7520-14,,57,SG7560,,Gas Turbine Generator GT-7520,82 0 - Over Frequency relay,TBA,-,X,-,IEC61850,SP,TBA,IEC104,2,,,,,,14,0,-,X,X,X,-,
GT7520-15,,58,SG7560,,Gas Turbine Generator GT-7520,47 - Phase sequence voltage relay,TBA,-,X,-,IEC61850,SP,TBA,IEC104,2,,,,,,15,0,-,X,X,X,-,
GT7520-16,,59,SG7560,,Gas Turbine Generator GT-7520,74 - Trip Circuit Supervision Alarm,TBA,-,X,-,IEC61850,SP,TBA,IEC104,2,,,,,,16,0,-,X,X,X,-,
GT7520-17,,60,SG7560,,Gas Turbine Generator GT-7520,Line-Neutral Voltage (L1-G),TBA,X,-,-,IEC61850,MX,TBA,IEC104,2,,,,,,17,0,kV,X,-,-,X,
GT7520-18,,61,SG7560,,Gas Turbine Generator GT-7520,Line-Neutral Voltage (L2-G),TBA,X,-,-,IEC61850,MX,TBA,IEC104,2,,,,,,18,0,kV,X,-,-,X,
GT7520-19,,62,SG7560,,Gas Turbine Generator GT-7520,Line-Neutral Voltage (L3-G),TBA,X,-,-,IEC61850,MX,TBA,IEC104,2,,,,,,19,0,kV,X,-,-,X,
GT7520-20,,63,SG7560,,Gas Turbine Generator GT-7520,Line-Line Voltage (L1-L2),TBA,X,-,-,IEC61850,MX,TBA,IEC104,2,,,,,,20,0,kV,X,-,-,X,
GT7520-21,,64,SG7560,,Gas Turbine Generator GT-7520,Line-Line Voltage (L1-L3),TBA,X,-,-,IEC61850,MX,TBA,IEC104,2,,,,,,21,0,kV,X,-,-,X,
GT7520-22,,65,SG7560,,Gas Turbine Generator GT-7520,Line-Line Voltage (L2-L3),TBA,X,-,-,IEC61850,MX,TBA,IEC104,2,,,,,,22,0,kV,X,-,-,X,
GT7520-23,,66,SG7560,,Gas Turbine Generator GT-7520,Current Phase L1,TBA,X,-,-,IEC61850,MX,TBA,IEC104,2,,,,,,23,0,Amp,X,-,-,X,
GT7520-24,,67,SG7560,,Gas Turbine Generator GT-7520,Current Phase L2,TBA,X,-,-,IEC61850,MX,TBA,IEC104,2,,,,,,24,0,Amp,X,-,-,X,
GT7520-25,,68,SG7560,,Gas Turbine Generator GT-7520,Current Phase L3,TBA,X,-,-,IEC61850,MX,TBA,IEC104,2,,,,,,25,0,Amp,X,-,-,X,
GT7520-26,,69,SG7560,,Gas Turbine Generator GT-7520,Power Factor,TBA,X,-,-,IEC61850,MX,TBA,IEC104,2,,,,,,26,0,-,X,-,-,X,
GT7520-27,,70,SG7560,,Gas Turbine Generator GT-7520,Frequency,TBA,X,-,-,IEC61850,MX,TBA,IEC104,2,,,,,,27,0,Hz,X,-,-,X,
GT7520-28,,71,SG7560,,Gas Turbine Generator GT-7520,Active Power,TBA,X,-,-,IEC61850,MX,TBA,IEC104,2,,,,,,28,0,kW,X,-,-,X,
GT7520-29,,72,SG7560,,Gas Turbine Generator GT-7520,Reactive Power,TBA,X,-,-,IEC61850,MX,TBA,IEC104,2,,,,,,29,0,Kvar,X,-,-,X,
GT7520-30,,73,SG7560,,Gas Turbine Generator GT-7520,VCB incomer (VCB-7560) at MV SWGR Opened/Closed,TBA,-,X,-,IEC61850,DP,TBA,IEC104,2,,,,,,30,0,-,X,X,-,-,
GT7520-31,,74,SG7560,,Gas Turbine Generator GT-7520,VCB incomer (VCB-7560) at MV SWGR Trip,TBA,-,X,-,IEC61850,SP,TBA,IEC104,2,,,,,,31,0,-,X,X,-,-,
GT7520-32,,75,SG7560,,Gas Turbine Generator GT-7520,GTG Engine Parameters 1,TBA,0,0,0,IEC61850,TBA,TBA,IEC104,2,,,,,,32,0,-,TBA,TBA,TBA,TBA,
GT7520-33,,76,SG7560,,Gas Turbine Generator GT-7520,GTG Engine Parameters 2,TBA,0,0,0,IEC61850,TBA,TBA,IEC104,2,,,,,,33,0,-,TBA,TBA,TBA,TBA,
GT7520-34,,77,SG7560,,Gas Turbine Generator GT-7520,GTG Engine Parameters 3,TBA,0,0,0,IEC61850,TBA,TBA,IEC104,2,,,,,,34,0,-,TBA,TBA,TBA,TBA,
GT7520-35,,78,SG7560,,Gas Turbine Generator GT-7520,GTG Engine Parameters 4,TBA,0,0,0,IEC61850,TBA,TBA,IEC104,2,,,,,,35,0,-,TBA,TBA,TBA,TBA,
GT7520-36,,79,SG7560,,Gas Turbine Generator GT-7520,GTG Engine Parameters 5,TBA,0,0,0,IEC61850,TBA,TBA,IEC104,2,,,,,,36,0,-,TBA,TBA,TBA,TBA,
GT7520-37,,80,SG7560,,Gas Turbine Generator GT-7520,GTG Engine Parameters 6,TBA,0,0,0,IEC61850,TBA,TBA,IEC104,2,,,,,,37,0,-,TBA,TBA,TBA,TBA,
GT7520-38,,81,SG7560,,Gas Turbine Generator GT-7520,GTG Engine Parameters 7,TBA,0,0,0,IEC61850,TBA,TBA,IEC104,2,,,,,,38,0,-,TBA,TBA,TBA,TBA,
GT7520-39,,82,SG7560,,Gas Turbine Generator GT-7520,GTG Engine Parameters 8,TBA,0,0,0,IEC61850,TBA,TBA,IEC104,2,,,,,,39,0,-,TBA,TBA,TBA,TBA,
GT7520-40,,83,SG7560,,Gas Turbine Generator GT-7520,GTG Engine Parameters 9,TBA,0,0,0,IEC61850,TBA,TBA,IEC104,2,,,,,,40,0,-,TBA,TBA,TBA,TBA,
GT7520-41,,84,SG7560,,Gas Turbine Generator GT-7520,GTG Engine Parameters 10,TBA,0,0,0,IEC61850,TBA,TBA,IEC104,2,,,,,,41,0,-,TBA,TBA,TBA,TBA,
GT7520-42,,85,SG7560,,Gas Turbine Generator GT-7520,Synchro command,TBA,-,-,X,IEC61850,SC,TBA,IEC104,2,,,,,,42,0,-,X,X,-,-,
GT7520-43,,86,SG7560,,Gas Turbine Generator GT-7520,Automatic Synchronize Initiate,TBA,-,-,X,IEC61850,SC,TBA,IEC104,2,,,,,,43,0,-,X,X,-,-,
,,,,,,,,,,,,,,,,,,,,,,,,,,,,
GT7530-01,,87,SG7560,,Gas Turbine Generator GT-7530,24 - Volts per Hertz relay,TBA,-,X,-,IEC61850,SP,TBA,IEC104,3,,,,,,1,0,-,X,X,X,-,
GT7530-02,,88,SG7560,,Gas Turbine Generator GT-7530,27 - Undervoltage relay,TBA,-,X,-,IEC61850,SP,TBA,IEC104,3,,,,,,2,0,-,X,X,X,-,
GT7530-03,,89,SG7560,,Gas Turbine Generator GT-7530,32 - Directional power relay,TBA,-,X,-,IEC61850,SP,TBA,IEC104,3,,,,,,3,0,-,X,X,X,-,
GT7530-04,,90,SG7560,,Gas Turbine Generator GT-7530,40 - Loss of field relay,TBA,-,X,-,IEC61850,SP,TBA,IEC104,3,,,,,,4,0,-,X,X,X,-,
GT7530-05,,91,SG7560,,Gas Turbine Generator GT-7530,46 - Reverse-phase or phase-balance current relay,TBA,-,X,-,IEC61850,SP,TBA,IEC104,3,,,,,,5,0,-,X,X,X,-,
GT7530-06,,92,SG7560,,Gas Turbine Generator GT-7530,49 - Thermal overload relay,TBA,-,X,-,IEC61850,SP,TBA,IEC104,3,,,,,,6,0,-,X,X,X,-,
GT7530-07,,93,SG7560,,Gas Turbine Generator GT-7530,50 - Instantaneuous Over-current relay,TBA,-,X,-,IEC61850,SP,TBA,IEC104,3,,,,,,7,0,-,X,X,X,-,
GT7530-08,,94,SG7560,,Gas Turbine Generator GT-7530,51 - Time Over-current relay,TBA,-,X,-,IEC61850,SP,TBA,IEC104,3,,,,,,8,0,-,X,X,X,-,
GT7530-09,,95,SG7560,,Gas Turbine Generator GT-7530,59 - Overvoltage relay,TBA,-,X,-,IEC61850,SP,TBA,IEC104,3,,,,,,9,0,-,X,X,X,-,
GT7530-10,,96,SG7560,,Gas Turbine Generator GT-7530,87 - Differential protective relay,TBA,-,X,-,IEC61850,SP,TBA,IEC104,3,,,,,,10,0,-,X,X,X,-,
GT7530-11,,97,SG7560,,Gas Turbine Generator GT-7530,51G - Ground overcurrent relay,TBA,-,X,-,IEC61850,SP,TBA,IEC104,3,,,,,,11,0,-,X,X,X,-,
GT7530-12,,98,SG7560,,Gas Turbine Generator GT-7530,51V - Voltage-controlled or voltage-restrained overcurrent relay,TBA,-,X,-,IEC61850,SP,TBA,IEC104,3,,,,,,12,0,-,X,X,X,-,
GT7530-13,,99,SG7560,,Gas Turbine Generator GT-7530,81 U - Under Frequency relay,TBA,-,X,-,IEC61850,SP,TBA,IEC104,3,,,,,,13,0,-,X,X,X,-,
GT7530-14,,100,SG7560,,Gas Turbine Generator GT-7530,82 0 - Over Frequency relay,TBA,-,X,-,IEC61850,SP,TBA,IEC104,3,,,,,,14,0,-,X,X,X,-,
GT7530-15,,101,SG7560,,Gas Turbine Generator GT-7530,47 - Phase sequence voltage relay,TBA,-,X,-,IEC61850,SP,TBA,IEC104,3,,,,,,15,0,-,X,X,X,-,
GT7530-16,,102,SG7560,,Gas Turbine Generator GT-7530,74 - Trip Circuit Supervision Alarm,TBA,-,X,-,IEC61850,SP,TBA,IEC104,3,,,,,,16,0,-,X,X,X,-,
GT7530-17,,103,SG7560,,Gas Turbine Generator GT-7530,Line-Neutral Voltage (L1-G),TBA,X,-,-,IEC61850,MX,TBA,IEC104,3,,,,,,17,0,kV,X,-,-,X,
GT7530-18,,104,SG7560,,Gas Turbine Generator GT-7530,Line-Neutral Voltage (L2-G),TBA,X,-,-,IEC61850,MX,TBA,IEC104,3,,,,,,18,0,kV,X,-,-,X,
GT7530-19,,105,SG7560,,Gas Turbine Generator GT-7530,Line-Neutral Voltage (L3-G),TBA,X,-,-,IEC61850,MX,TBA,IEC104,3,,,,,,19,0,kV,X,-,-,X,
GT7530-20,,106,SG7560,,Gas Turbine Generator GT-7530,Line-Line Voltage (L1-L2),TBA,X,-,-,IEC61850,MX,TBA,IEC104,3,,,,,,20,0,kV,X,-,-,X,
GT7530-21,,107,SG7560,,Gas Turbine Generator GT-7530,Line-Line Voltage (L1-L3),TBA,X,-,-,IEC61850,MX,TBA,IEC104,3,,,,,,21,0,kV,X,-,-,X,
GT7530-22,,108,SG7560,,Gas Turbine Generator GT-7530,Line-Line Voltage (L2-L3),TBA,X,-,-,IEC61850,MX,TBA,IEC104,3,,,,,,22,0,kV,X,-,-,X,
GT7530-23,,109,SG7560,,Gas Turbine Generator GT-7530,Current Phase L1,TBA,X,-,-,IEC61850,MX,TBA,IEC104,3,,,,,,23,0,Amp,X,-,-,X,
GT7530-24,,110,SG7560,,Gas Turbine Generator GT-7530,Current Phase L2,TBA,X,-,-,IEC61850,MX,TBA,IEC104,3,,,,,,24,0,Amp,X,-,-,X,
GT7530-25,,111,SG7560,,Gas Turbine Generator GT-7530,Current Phase L3,TBA,X,-,-,IEC61850,MX,TBA,IEC104,3,,,,,,25,0,Amp,X,-,-,X,
GT7530-26,,112,SG7560,,Gas Turbine Generator GT-7530,Power Factor,TBA,X,-,-,IEC61850,MX,TBA,IEC104,3,,,,,,26,0,-,X,-,-,X,
GT7530-27,,113,SG7560,,Gas Turbine Generator GT-7530,Frequency,TBA,X,-,-,IEC61850,MX,TBA,IEC104,3,,,,,,27,0,Hz,X,-,-,X,
GT7530-28,,114,SG7560,,Gas Turbine Generator GT-7530,Active Power,TBA,X,-,-,IEC61850,MX,TBA,IEC104,3,,,,,,28,0,kW,X,-,-,X,
GT7530-29,,115,SG7560,,Gas Turbine Generator GT-7530,Reactive Power,TBA,X,-,-,IEC61850,MX,TBA,IEC104,3,,,,,,29,0,Kvar,X,-,-,X,
GT7530-30,,116,SG7560,,Gas Turbine Generator GT-7530,VCB incomer (VCB-7560) at MV SWGR Opened/Closed,TBA,-,X,-,IEC61850,DP,TBA,IEC104,3,,,,,,30,0,-,X,X,-,-,
GT7530-31,,117,SG7560,,Gas Turbine Generator GT-7530,VCB incomer (VCB-7560) at MV SWGR Trip,TBA,-,X,-,IEC61850,SP,TBA,IEC104,3,,,,,,31,0,-,X,X,-,-,
GT7530-32,,118,SG7560,,Gas Turbine Generator GT-7530,GTG Engine Parameters 1,TBA,0,0,0,IEC61850,TBA,TBA,IEC104,3,,,,,,32,0,-,TBA,TBA,TBA,TBA,
GT7530-33,,119,SG7560,,Gas Turbine Generator GT-7530,GTG Engine Parameters 2,TBA,0,0,0,IEC61850,TBA,TBA,IEC104,3,,,,,,33,0,-,TBA,TBA,TBA,TBA,
GT7530-34,,120,SG7560,,Gas Turbine Generator GT-7530,GTG Engine Parameters 3,TBA,0,0,0,IEC61850,TBA,TBA,IEC104,3,,,,,,34,0,-,TBA,TBA,TBA,TBA,
GT7530-35,,121,SG7560,,Gas Turbine Generator GT-7530,GTG Engine Parameters 4,TBA,0,0,0,IEC61850,TBA,TBA,IEC104,3,,,,,,35,0,-,TBA,TBA,TBA,TBA,
GT7530-36,,122,SG7560,,Gas Turbine Generator GT-7530,GTG Engine Parameters 5,TBA,0,0,0,IEC61850,TBA,TBA,IEC104,3,,,,,,36,0,-,TBA,TBA,TBA,TBA,
GT7530-37,,123,SG7560,,Gas Turbine Generator GT-7530,GTG Engine Parameters 6,TBA,0,0,0,IEC61850,TBA,TBA,IEC104,3,,,,,,37,0,-,TBA,TBA,TBA,TBA,
GT7530-38,,124,SG7560,,Gas Turbine Generator GT-7530,GTG Engine Parameters 7,TBA,0,0,0,IEC61850,TBA,TBA,IEC104,3,,,,,,38,0,-,TBA,TBA,TBA,TBA,
GT7530-39,,125,SG7560,,Gas Turbine Generator GT-7530,GTG Engine Parameters 8,TBA,0,0,0,IEC61850,TBA,TBA,IEC104,3,,,,,,39,0,-,TBA,TBA,TBA,TBA,
GT7530-40,,126,SG7560,,Gas Turbine Generator GT-7530,GTG Engine Parameters 9,TBA,0,0,0,IEC61850,TBA,TBA,IEC104,3,,,,,,40,0,-,TBA,TBA,TBA,TBA,
GT7530-41,,127,SG7560,,Gas Turbine Generator GT-7530,GTG Engine Parameters 10,TBA,0,0,0,IEC61850,TBA,TBA,IEC104,3,,,,,,41,0,-,TBA,TBA,TBA,TBA,
GT7530-42,,128,SG7560,,Gas Turbine Generator GT-7530,Synchro command,TBA,-,-,X,IEC61850,SC,TBA,IEC104,3,,,,,,42,0,-,X,X,-,-,
GT7530-43,,129,SG7560,,Gas Turbine Generator GT-7530,Automatic Synchronize Initiate,TBA,-,-,X,IEC61850,SC,TBA,IEC104,3,,,,,,43,0,-,X,X,-,-,
,,,,,,,,,,,,,,,,,,,,,,,,,,,,
VCB7564-01,,130,SG7560,,VCB-7563,27R - Undervoltage Remanent relay,TBA,-,X,-,IEC61850,SP,TBA,IEC104,4,,,,,,1,0,-,X,X,X,-,
VCB7564-02,,131,SG7560,,VCB-7563,49 - Thermal overload relay,TBA,-,X,-,IEC61851,SP,TBA,IEC104,4,,,,,,2,0,-,X,X,X,-,
VCB7564-03,,132,SG7560,,VCB-7563,50 - Instantaneuous Over-current relay,TBA,-,X,-,IEC61852,SP,TBA,IEC104,4,,,,,,3,0,-,X,X,X,-,
VCB7564-04,,133,SG7560,,VCB-7563,50G - Instantaneuous Over-current relay,TBA,-,X,-,IEC61853,SP,TBA,IEC104,4,,,,,,4,0,-,X,X,X,-,
VCB7564-05,,134,SG7560,,VCB-7563,51 - Time Over-current relay,TBA,-,X,-,IEC61854,SP,TBA,IEC104,4,,,,,,5,0,-,X,X,X,-,
VCB7564-06,,135,SG7560,,VCB-7563,51G - Ground overcurrent relay,TBA,-,X,-,IEC61855,SP,TBA,IEC104,4,,,,,,6,0,-,X,X,X,-,
VCB7564-07,,136,SG7560,,VCB-7563,51N - Neutral overcurrent relay,TBA,-,X,-,IEC61856,SP,TBA,IEC104,4,,,,,,7,0,-,X,X,X,-,
VCB7564-08,,137,SG7560,,VCB-7563,Line-Neutral Voltage (L1-G),TBA,X,-,-,IEC61850,MX,TBA,IEC104,4,,,,,,8,0,kV,X,-,-,X,
VCB7564-09,,138,SG7560,,VCB-7563,Line-Neutral Voltage (L2-G),TBA,X,-,-,IEC61850,MX,TBA,IEC104,4,,,,,,9,0,kV,X,-,-,X,
VCB7564-10,,139,SG7560,,VCB-7563,Line-Neutral Voltage (L3-G),TBA,X,-,-,IEC61850,MX,TBA,IEC104,4,,,,,,10,0,kV,X,-,-,X,
VCB7564-11,,140,SG7560,,VCB-7563,Line-Line Voltage (L1-L2),TBA,X,-,-,IEC61850,MX,TBA,IEC104,4,,,,,,11,0,kV,X,-,-,X,
VCB7564-12,,141,SG7560,,VCB-7563,Line-Line Voltage (L1-L3),TBA,X,-,-,IEC61850,MX,TBA,IEC104,4,,,,,,12,0,kV,X,-,-,X,
VCB7564-13,,142,SG7560,,VCB-7563,Line-Line Voltage (L2-L3),TBA,X,-,-,IEC61850,MX,TBA,IEC104,4,,,,,,13,0,kV,X,-,-,X,
VCB7564-14,,143,SG7560,,VCB-7563,Current Phase L1,TBA,X,-,-,IEC61850,MX,TBA,IEC104,4,,,,,,14,0,Amp,X,-,-,X,
VCB7564-15,,144,SG7560,,VCB-7563,Current Phase L2,TBA,X,-,-,IEC61850,MX,TBA,IEC104,4,,,,,,15,0,Amp,X,-,-,X,
VCB7564-16,,145,SG7560,,VCB-7563,Current Phase L3,TBA,X,-,-,IEC61850,MX,TBA,IEC104,4,,,,,,16,0,Amp,X,-,-,X,
VCB7564-17,,146,SG7560,,VCB-7563,Power Factor,TBA,X,-,-,IEC61850,MX,TBA,IEC104,4,,,,,,17,0,-,X,-,-,X,
VCB7564-18,,147,SG7560,,VCB-7563,Frequency,TBA,X,-,-,IEC61850,MX,TBA,IEC104,4,,,,,,18,0,Hz,X,-,-,X,
VCB7564-19,,148,SG7560,,VCB-7563,Active Power,TBA,X,-,-,IEC61850,MX,TBA,IEC104,4,,,,,,19,0,kW,X,-,-,X,
VCB7564-20,,149,SG7560,,VCB-7563,Reactive Power,TBA,X,-,-,IEC61850,MX,TBA,IEC104,4,,,,,,20,0,Kvar,X,-,-,X,
VCB7564-21,,150,SG7560,,VCB-7563,CB Open/Close command,TBA,-,-,X,-,DC,-,IEC104,4,,,,,,21,0,-,X,X,-,-,
VCB7564-23,,151,SG7560,,VCB-7563,CB Opened/Closed Position,TBA,-,X,-,-,DP,-,IEC104,4,,,,,,22,0,-,X,X,-,-,
VCB7564-24,,152,SG7560,,VCB-7563,CB Trip,TBA,-,X,-,-,SP,-,IEC104,4,,,,,,23,0,-,X,X,-,-,
,,,,,,,,,,,,,,,,,,,,,,,,,,,,
VCB7565-01,,153,SG7560,,VCB-7564,27R - Undervoltage Remanent relay,TBA,-,X,-,IEC61850,SP,TBA,IEC104,5,,,,,,1,0,-,X,X,X,-,
VCB7565-02,,154,SG7560,,VCB-7564,49 - Thermal overload relay,TBA,-,X,-,IEC61851,SP,TBA,IEC104,5,,,,,,2,0,-,X,X,X,-,
VCB7565-03,,155,SG7560,,VCB-7564,50 - Instantaneuous Over-current relay,TBA,-,X,-,IEC61852,SP,TBA,IEC104,5,,,,,,3,0,-,X,X,X,-,
VCB7565-04,,156,SG7560,,VCB-7564,50G - Instantaneuous Over-current relay,TBA,-,X,-,IEC61853,SP,TBA,IEC104,5,,,,,,4,0,-,X,X,X,-,
VCB7565-05,,157,SG7560,,VCB-7564,51 - Time Over-current relay,TBA,-,X,-,IEC61854,SP,TBA,IEC104,5,,,,,,5,0,-,X,X,X,-,
VCB7565-06,,158,SG7560,,VCB-7564,51G - Ground overcurrent relay,TBA,-,X,-,IEC61855,SP,TBA,IEC104,5,,,,,,6,0,-,X,X,X,-,
VCB7565-07,,159,SG7560,,VCB-7564,51N - Neutral overcurrent relay,TBA,-,X,-,IEC61856,SP,TBA,IEC104,5,,,,,,7,0,-,X,X,X,-,
VCB7565-08,,160,SG7560,,VCB-7564,Line-Neutral Voltage (L1-G),TBA,X,-,-,IEC61850,MX,TBA,IEC104,5,,,,,,8,0,kV,X,-,-,X,
VCB7565-09,,161,SG7560,,VCB-7564,Line-Neutral Voltage (L2-G),TBA,X,-,-,IEC61850,MX,TBA,IEC104,5,,,,,,9,0,kV,X,-,-,X,
VCB7565-10,,162,SG7560,,VCB-7564,Line-Neutral Voltage (L3-G),TBA,X,-,-,IEC61850,MX,TBA,IEC104,5,,,,,,10,0,kV,X,-,-,X,
VCB7565-11,,163,SG7560,,VCB-7564,Line-Line Voltage (L1-L2),TBA,X,-,-,IEC61850,MX,TBA,IEC104,5,,,,,,11,0,kV,X,-,-,X,
VCB7565-12,,164,SG7560,,VCB-7564,Line-Line Voltage (L1-L3),TBA,X,-,-,IEC61850,MX,TBA,IEC104,5,,,,,,12,0,kV,X,-,-,X,
VCB7565-13,,165,SG7560,,VCB-7564,Line-Line Voltage (L2-L3),TBA,X,-,-,IEC61850,MX,TBA,IEC104,5,,,,,,13,0,kV,X,-,-,X,
VCB7565-14,,166,SG7560,,VCB-7564,Current Phase L1,TBA,X,-,-,IEC61850,MX,TBA,IEC104,5,,,,,,14,0,Amp,X,-,-,X,
VCB7565-15,,167,SG7560,,VCB-7564,Current Phase L2,TBA,X,-,-,IEC61850,MX,TBA,IEC104,5,,,,,,15,0,Amp,X,-,-,X,
VCB7565-16,,168,SG7560,,VCB-7564,Current Phase L3,TBA,X,-,-,IEC61850,MX,TBA,IEC104,5,,,,,,16,0,Amp,X,-,-,X,
VCB7565-17,,169,SG7560,,VCB-7564,Power Factor,TBA,X,-,-,IEC61850,MX,TBA,IEC104,5,,,,,,17,0,-,X,-,-,X,
VCB7565-18,,170,SG7560,,VCB-7564,Frequency,TBA,X,-,-,IEC61850,MX,TBA,IEC104,5,,,,,,18,0,Hz,X,-,-,X,
VCB7565-19,,171,SG7560,,VCB-7564,Active Power,TBA,X,-,-,IEC61850,MX,TBA,IEC104,5,,,,,,19,0,kW,X,-,-,X,
VCB7565-20,,172,SG7560,,VCB-7564,Reactive Power,TBA,X,-,-,IEC61850,MX,TBA,IEC104,5,,,,,,20,0,Kvar,X,-,-,X,
VCB7565-21,,173,SG7560,,VCB-7564,CB Open/Close command,TBA,-,-,X,-,DC,-,IEC104,5,,,,,,21,0,-,X,X,-,-,
VCB7565-22,,174,SG7560,,VCB-7564,CB Opened/Closed Position,TBA,-,X,-,-,DP,-,IEC104,5,,,,,,22,0,-,X,X,-,-,
VCB7565-23,,175,SG7560,,VCB-7564,CB Trip,TBA,-,X,-,-,SP,-,IEC104,5,,,,,,23,0,-,X,X,-,-,
,,,,,,,,,,,,,,,,,,,,,,,,,,,,
VCB7567A-01,,176,SG7560,,VCB-7567A,27R - Undervoltage Remanent relay,TBA,-,X,-,IEC61850,SP,TBA,IEC104,6,,,,,,1,0,-,X,X,X,-,
VCB7567A-02,,177,SG7560,,VCB-7567A,49 - Thermal overload relay,TBA,-,X,-,IEC61851,SP,TBA,IEC104,6,,,,,,2,0,-,X,X,X,-,
VCB7567A-03,,178,SG7560,,VCB-7567A,50 - Instantaneuous Over-current relay,TBA,-,X,-,IEC61852,SP,TBA,IEC104,6,,,,,,3,0,-,X,X,X,-,
VCB7567A-04,,179,SG7560,,VCB-7567A,50G - Instantaneuous Over-current relay,TBA,-,X,-,IEC61853,SP,TBA,IEC104,6,,,,,,4,0,-,X,X,X,-,
VCB7567A-05,,180,SG7560,,VCB-7567A,51 - Time Over-current relay,TBA,-,X,-,IEC61854,SP,TBA,IEC104,6,,,,,,5,0,-,X,X,X,-,
VCB7567A-06,,181,SG7560,,VCB-7567A,51G - Ground overcurrent relay,TBA,-,X,-,IEC61855,SP,TBA,IEC104,6,,,,,,6,0,-,X,X,X,-,
VCB7567A-07,,182,SG7560,,VCB-7567A,51N - Neutral overcurrent relay,TBA,-,X,-,IEC61856,SP,TBA,IEC104,6,,,,,,7,0,-,X,X,X,-,
VCB7567A-08,,183,SG7560,,VCB-7567A,Line-Neutral Voltage (L1-G),TBA,X,-,-,IEC61850,MX,TBA,IEC104,6,,,,,,8,0,kV,X,-,-,X,
VCB7567A-09,,184,SG7560,,VCB-7567A,Line-Neutral Voltage (L2-G),TBA,X,-,-,IEC61850,MX,TBA,IEC104,6,,,,,,9,0,kV,X,-,-,X,
VCB7567A-10,,185,SG7560,,VCB-7567A,Line-Neutral Voltage (L3-G),TBA,X,-,-,IEC61850,MX,TBA,IEC104,6,,,,,,10,0,kV,X,-,-,X,
VCB7567A-11,,186,SG7560,,VCB-7567A,Line-Line Voltage (L1-L2),TBA,X,-,-,IEC61850,MX,TBA,IEC104,6,,,,,,11,0,kV,X,-,-,X,
VCB7567A-12,,187,SG7560,,VCB-7567A,Line-Line Voltage (L1-L3),TBA,X,-,-,IEC61850,MX,TBA,IEC104,6,,,,,,12,0,kV,X,-,-,X,
VCB7567A-13,,188,SG7560,,VCB-7567A,Line-Line Voltage (L2-L3),TBA,X,-,-,IEC61850,MX,TBA,IEC104,6,,,,,,13,0,kV,X,-,-,X,
VCB7567A-14,,189,SG7560,,VCB-7567A,Current Phase L1,TBA,X,-,-,IEC61850,MX,TBA,IEC104,6,,,,,,14,0,Amp,X,-,-,X,
VCB7567A-15,,190,SG7560,,VCB-7567A,Current Phase L2,TBA,X,-,-,IEC61850,MX,TBA,IEC104,6,,,,,,15,0,Amp,X,-,-,X,
VCB7567A-16,,191,SG7560,,VCB-7567A,Current Phase L3,TBA,X,-,-,IEC61850,MX,TBA,IEC104,6,,,,,,16,0,Amp,X,-,-,X,
VCB7567A-17,,192,SG7560,,VCB-7567A,Power Factor,TBA,X,-,-,IEC61850,MX,TBA,IEC104,6,,,,,,17,0,-,X,-,-,X,
VCB7567A-18,,193,SG7560,,VCB-7567A,Frequency,TBA,X,-,-,IEC61850,MX,TBA,IEC104,6,,,,,,18,0,Hz,X,-,-,X,
VCB7567A-19,,194,SG7560,,VCB-7567A,Active Power,TBA,X,-,-,IEC61850,MX,TBA,IEC104,6,,,,,,19,0,kW,X,-,-,X,
VCB7567A-20,,195,SG7560,,VCB-7567A,Reactive Power,TBA,X,-,-,IEC61850,MX,TBA,IEC104,6,,,,,,20,0,Kvar,X,-,-,X,
VCB7567A-21,,196,SG7560,,VCB-7567A,CB Open/Close command,TBA,-,-,X,-,DC,-,IEC104,6,,,,,,21,0,-,X,X,-,-,
VCB7567A-22,,197,SG7560,,VCB-7567A,CB Opened/Closed Position,TBA,-,X,-,-,DP,-,IEC104,6,,,,,,22,0,-,X,X,-,-,
VCB7567A-23,,198,SG7560,,VCB-7567A,CB Trip,TBA,-,X,-,-,SP,-,IEC104,6,,,,,,23,0,-,X,X,-,-,
,,,,,,,,,,,,,,,,,,,,,,,,,,,,
VCB7567B-01,,199,SG7560,,VCB-7567B,27R - Undervoltage Remanent relay,TBA,-,X,-,IEC61850,SP,TBA,IEC104,7,,,,,,1,0,-,X,X,X,-,
VCB7567B-02,,200,SG7560,,VCB-7567B,49 - Thermal overload relay,TBA,-,X,-,IEC61851,SP,TBA,IEC104,7,,,,,,2,0,-,X,X,X,-,
VCB7567B-03,,201,SG7560,,VCB-7567B,50 - Instantaneuous Over-current relay,TBA,-,X,-,IEC61852,SP,TBA,IEC104,7,,,,,,3,0,-,X,X,X,-,
VCB7567B-04,,202,SG7560,,VCB-7567B,50G - Instantaneuous Over-current relay,TBA,-,X,-,IEC61853,SP,TBA,IEC104,7,,,,,,4,0,-,X,X,X,-,
VCB7567B-05,,203,SG7560,,VCB-7567B,51 - Time Over-current relay,TBA,-,X,-,IEC61854,SP,TBA,IEC104,7,,,,,,5,0,-,X,X,X,-,
VCB7567B-06,,204,SG7560,,VCB-7567B,51G - Ground overcurrent relay,TBA,-,X,-,IEC61855,SP,TBA,IEC104,7,,,,,,6,0,-,X,X,X,-,
VCB7567B-07,,205,SG7560,,VCB-7567B,51N - Neutral overcurrent relay,TBA,-,X,-,IEC61856,SP,TBA,IEC104,7,,,,,,7,0,-,X,X,X,-,
VCB7567B-08,,206,SG7560,,VCB-7567B,Line-Neutral Voltage (L1-G),TBA,X,-,-,IEC61850,MX,TBA,IEC104,7,,,,,,8,0,kV,X,-,-,X,
VCB7567B-09,,207,SG7560,,VCB-7567B,Line-Neutral Voltage (L2-G),TBA,X,-,-,IEC61850,MX,TBA,IEC104,7,,,,,,9,0,kV,X,-,-,X,
VCB7567B-10,,208,SG7560,,VCB-7567B,Line-Neutral Voltage (L3-G),TBA,X,-,-,IEC61850,MX,TBA,IEC104,7,,,,,,10,0,kV,X,-,-,X,
VCB7567B-11,,209,SG7560,,VCB-7567B,Line-Line Voltage (L1-L2),TBA,X,-,-,IEC61850,MX,TBA,IEC104,7,,,,,,11,0,kV,X,-,-,X,
VCB7567B-12,,210,SG7560,,VCB-7567B,Line-Line Voltage (L1-L3),TBA,X,-,-,IEC61850,MX,TBA,IEC104,7,,,,,,12,0,kV,X,-,-,X,
VCB7567B-13,,211,SG7560,,VCB-7567B,Line-Line Voltage (L2-L3),TBA,X,-,-,IEC61850,MX,TBA,IEC104,7,,,,,,13,0,kV,X,-,-,X,
VCB7567B-14,,212,SG7560,,VCB-7567B,Current Phase L1,TBA,X,-,-,IEC61850,MX,TBA,IEC104,7,,,,,,14,0,Amp,X,-,-,X,
VCB7567B-15,,213,SG7560,,VCB-7567B,Current Phase L2,TBA,X,-,-,IEC61850,MX,TBA,IEC104,7,,,,,,15,0,Amp,X,-,-,X,
VCB7567B-16,,214,SG7560,,VCB-7567B,Current Phase L3,TBA,X,-,-,IEC61850,MX,TBA,IEC104,7,,,,,,16,0,Amp,X,-,-,X,
VCB7567B-17,,215,SG7560,,VCB-7567B,Power Factor,TBA,X,-,-,IEC61850,MX,TBA,IEC104,7,,,,,,17,0,-,X,-,-,X,
VCB7567B-18,,216,SG7560,,VCB-7567B,Frequency,TBA,X,-,-,IEC61850,MX,TBA,IEC104,7,,,,,,18,0,Hz,X,-,-,X,
VCB7567B-19,,217,SG7560,,VCB-7567B,Active Power,TBA,X,-,-,IEC61850,MX,TBA,IEC104,7,,,,,,19,0,kW,X,-,-,X,
VCB7567B-20,,218,SG7560,,VCB-7567B,Reactive Power,TBA,X,-,-,IEC61850,MX,TBA,IEC104,7,,,,,,20,0,Kvar,X,-,-,X,
VCB7567B-21,,219,SG7560,,VCB-7567B,CB Open/Close command,TBA,-,-,X,-,DC,-,IEC104,7,,,,,,21,0,-,X,X,-,-,
VCB7567B-22,,220,SG7560,,VCB-7567B,CB Opened/Closed Position,TBA,-,X,-,-,DP,-,IEC104,7,,,,,,22,0,-,X,X,-,-,
VCB7567B-23,,221,SG7560,,VCB-7567B,CB Trip,TBA,-,X,-,-,SP,-,IEC104,7,,,,,,23,0,-,X,X,-,-,
,,,,,,,,,,,,,,,,,,,,,,,,,,,,
VCB7569-01,,222,SG7560,,VCB-7569,27R - Undervoltage Remanent relay,TBA,-,X,-,IEC61850,SP,TBA,IEC104,8,,,,,,1,0,-,X,X,X,-,
VCB7569-02,,223,SG7560,,VCB-7569,49 - Thermal overload relay,TBA,-,X,-,IEC61851,SP,TBA,IEC104,8,,,,,,2,0,-,X,X,X,-,
VCB7569-03,,224,SG7560,,VCB-7569,50 - Instantaneuous Over-current relay,TBA,-,X,-,IEC61852,SP,TBA,IEC104,8,,,,,,3,0,-,X,X,X,-,
VCB7569-04,,225,SG7560,,VCB-7569,50G - Instantaneuous Over-current relay,TBA,-,X,-,IEC61853,SP,TBA,IEC104,8,,,,,,4,0,-,X,X,X,-,
VCB7569-05,,226,SG7560,,VCB-7569,51 - Time Over-current relay,TBA,-,X,-,IEC61854,SP,TBA,IEC104,8,,,,,,5,0,-,X,X,X,-,
VCB7569-06,,227,SG7560,,VCB-7569,51G - Ground overcurrent relay,TBA,-,X,-,IEC61855,SP,TBA,IEC104,8,,,,,,6,0,-,X,X,X,-,
VCB7569-07,,228,SG7560,,VCB-7569,51N - Neutral overcurrent relay,TBA,-,X,-,IEC61856,SP,TBA,IEC104,8,,,,,,7,0,-,X,X,X,-,
VCB7569-08,,229,SG7560,,VCB-7569,Line-Neutral Voltage (L1-G),TBA,X,-,-,IEC61850,MX,TBA,IEC104,8,,,,,,8,0,kV,X,-,-,X,
VCB7569-09,,230,SG7560,,VCB-7569,Line-Neutral Voltage (L2-G),TBA,X,-,-,IEC61850,MX,TBA,IEC104,8,,,,,,9,0,kV,X,-,-,X,
VCB7569-10,,231,SG7560,,VCB-7569,Line-Neutral Voltage (L3-G),TBA,X,-,-,IEC61850,MX,TBA,IEC104,8,,,,,,10,0,kV,X,-,-,X,
VCB7569-11,,232,SG7560,,VCB-7569,Line-Line Voltage (L1-L2),TBA,X,-,-,IEC61850,MX,TBA,IEC104,8,,,,,,11,0,kV,X,-,-,X,
VCB7569-12,,233,SG7560,,VCB-7569,Line-Line Voltage (L1-L3),TBA,X,-,-,IEC61850,MX,TBA,IEC104,8,,,,,,12,0,kV,X,-,-,X,
VCB7569-13,,234,SG7560,,VCB-7569,Line-Line Voltage (L2-L3),TBA,X,-,-,IEC61850,MX,TBA,IEC104,8,,,,,,13,0,kV,X,-,-,X,
VCB7569-14,,235,SG7560,,VCB-7569,Current Phase L1,TBA,X,-,-,IEC61850,MX,TBA,IEC104,8,,,,,,14,0,Amp,X,-,-,X,
VCB7569-15,,236,SG7560,,VCB-7569,Current Phase L2,TBA,X,-,-,IEC61850,MX,TBA,IEC104,8,,,,,,15,0,Amp,X,-,-,X,
VCB7569-16,,237,SG7560,,VCB-7569,Current Phase L3,TBA,X,-,-,IEC61850,MX,TBA,IEC104,8,,,,,,16,0,Amp,X,-,-,X,
VCB7569-17,,238,SG7560,,VCB-7569,Power Factor,TBA,X,-,-,IEC61850,MX,TBA,IEC104,8,,,,,,17,0,-,X,-,-,X,
VCB7569-18,,239,SG7560,,VCB-7569,Frequency,TBA,X,-,-,IEC61850,MX,TBA,IEC104,8,,,,,,18,0,Hz,X,-,-,X,
VCB7569-19,,240,SG7560,,VCB-7569,Active Power,TBA,X,-,-,IEC61850,MX,TBA,IEC104,8,,,,,,19,0,kW,X,-,-,X,
VCB7569-20,,241,SG7560,,VCB-7569,Reactive Power,TBA,X,-,-,IEC61850,MX,TBA,IEC104,8,,,,,,20,0,Kvar,X,-,-,X,
VCB7569-21,,242,SG7560,,VCB-7569,CB Open/Close command,TBA,-,-,X,-,DC,-,IEC104,8,,,,,,21,0,-,X,X,-,-,
VCB7569-22,,243,SG7560,,VCB-7569,CB Opened/Closed Position,TBA,-,X,-,-,DP,-,IEC104,8,,,,,,22,0,-,X,X,-,-,
VCB7569-23,,244,SG7560,,VCB-7569,CB Trip,TBA,-,X,-,-,SP,-,IEC104,8,,,,,,23,0,-,X,X,-,-,
,,,,,,,,,,,,,,,,,,,,,,,,,,,,
VCB-7566-01,,245,SG7562,,0,27R - Undervoltage Remanent relay,TBA,-,X,-,IEC61850,SP,TBA,IEC104,9,,,,,,1,0,-,X,X,X,-,
VCB-7566-02,,246,SG7563,,0,49 - Thermal overload relay,TBA,-,X,-,IEC61851,SP,TBA,IEC104,9,,,,,,2,0,-,X,X,X,-,
VCB-7566-03,,247,SG7564,,0,50 - Instantaneuous Over-current relay,TBA,-,X,-,IEC61852,SP,TBA,IEC104,9,,,,,,3,0,-,X,X,X,-,
VCB-7566-04,,248,SG7565,,0,50G - Instantaneuous Over-current relay,TBA,-,X,-,IEC61853,SP,TBA,IEC104,9,,,,,,4,0,-,X,X,X,-,
VCB-7566-05,,249,SG7566,,0,51 - Time Over-current relay,TBA,-,X,-,IEC61854,SP,TBA,IEC104,9,,,,,,5,0,-,X,X,X,-,
VCB-7566-06,,250,SG7567,,0,51G - Ground overcurrent relay,TBA,-,X,-,IEC61855,SP,TBA,IEC104,9,,,,,,6,0,-,X,X,X,-,
VCB-7566-07,,251,SG7568,,0,51N - Neutral overcurrent relay,TBA,-,X,-,IEC61856,SP,TBA,IEC104,9,,,,,,7,0,-,X,X,X,-,
VCB-7566-08,,252,SG7569,,0,Line-Neutral Voltage (L1-G),TBA,X,-,-,IEC61850,MX,TBA,IEC104,9,,,,,,8,0,kV,X,-,-,X,
VCB-7566-09,,253,SG7570,,0,Line-Neutral Voltage (L2-G),TBA,X,-,-,IEC61850,MX,TBA,IEC104,9,,,,,,9,0,kV,X,-,-,X,
VCB-7566-10,,254,SG7571,,0,Line-Neutral Voltage (L3-G),TBA,X,-,-,IEC61850,MX,TBA,IEC104,9,,,,,,10,0,kV,X,-,-,X,
VCB-7566-11,,255,SG7572,,0,Line-Line Voltage (L1-L2),TBA,X,-,-,IEC61850,MX,TBA,IEC104,9,,,,,,11,0,kV,X,-,-,X,
VCB-7566-12,,256,SG7573,,0,Line-Line Voltage (L1-L3),TBA,X,-,-,IEC61850,MX,TBA,IEC104,9,,,,,,12,0,kV,X,-,-,X,
VCB-7566-13,,257,SG7574,,0,Line-Line Voltage (L2-L3),TBA,X,-,-,IEC61850,MX,TBA,IEC104,9,,,,,,13,0,kV,X,-,-,X,
VCB-7566-14,,258,SG7575,,0,Current Phase L1,TBA,X,-,-,IEC61850,MX,TBA,IEC104,9,,,,,,14,0,Amp,X,-,-,X,
VCB-7566-15,,259,SG7576,,0,Current Phase L2,TBA,X,-,-,IEC61850,MX,TBA,IEC104,9,,,,,,15,0,Amp,X,-,-,X,
VCB-7566-16,,260,SG7577,,0,Current Phase L3,TBA,X,-,-,IEC61850,MX,TBA,IEC104,9,,,,,,16,0,Amp,X,-,-,X,
VCB-7566-17,,261,SG7578,,0,Power Factor,TBA,X,-,-,IEC61850,MX,TBA,IEC104,9,,,,,,17,0,-,X,-,-,X,
VCB-7566-18,,262,SG7579,,0,Frequency,TBA,X,-,-,IEC61850,MX,TBA,IEC104,9,,,,,,18,0,Hz,X,-,-,X,
VCB-7566-19,,263,SG7580,,0,Active Power,TBA,X,-,-,IEC61850,MX,TBA,IEC104,9,,,,,,19,0,kW,X,-,-,X,
VCB-7566-20,,264,SG7581,,0,Reactive Power,TBA,X,-,-,IEC61850,MX,TBA,IEC104,9,,,,,,20,0,Kvar,X,-,-,X,
VCB-7566-21,,265,SG7582,,0,CB Open/Close command,TBA,-,-,X,-,DC,-,IEC104,9,,,,,,21,0,-,X,X,-,-,
VCB-7566-22,,266,SG7583,,0,CB Opened/Closed Position,TBA,-,X,-,-,DP,-,IEC104,9,,,,,,22,0,-,X,X,-,-,
VCB-7566-23,,267,SG7584,,0,CB Trip,TBA,-,X,-,-,SP,-,IEC104,9,,,,,,23,0,-,X,X,-,-,
,,,,,,,,,,,,,,,,,,,,,,,,,,,,
VCB-7568-01,,268,SG7586,,0,27R - Undervoltage Remanent relay,TBA,-,X,-,IEC61850,SP,TBA,IEC104,10,,,,,,1,0,-,X,X,X,-,
VCB-7568-02,,269,SG7587,,0,49 - Thermal overload relay,TBA,-,X,-,IEC61851,SP,TBA,IEC104,10,,,,,,2,0,-,X,X,X,-,
VCB-7568-03,,270,SG7588,,0,50 - Instantaneuous Over-current relay,TBA,-,X,-,IEC61852,SP,TBA,IEC104,10,,,,,,3,0,-,X,X,X,-,
VCB-7568-04,,271,SG7589,,0,50G - Instantaneuous Over-current relay,TBA,-,X,-,IEC61853,SP,TBA,IEC104,10,,,,,,4,0,-,X,X,X,-,
VCB-7568-05,,272,SG7590,,0,51 - Time Over-current relay,TBA,-,X,-,IEC61854,SP,TBA,IEC104,10,,,,,,5,0,-,X,X,X,-,
VCB-7568-06,,273,SG7591,,0,51G - Ground overcurrent relay,TBA,-,X,-,IEC61855,SP,TBA,IEC104,10,,,,,,6,0,-,X,X,X,-,
VCB-7568-07,,274,SG7592,,0,51N - Neutral overcurrent relay,TBA,-,X,-,IEC61856,SP,TBA,IEC104,10,,,,,,7,0,-,X,X,X,-,
VCB-7568-08,,275,SG7593,,0,Line-Neutral Voltage (L1-G),TBA,X,-,-,IEC61850,MX,TBA,IEC104,10,,,,,,8,0,kV,X,-,-,X,
VCB-7568-09,,276,SG7594,,0,Line-Neutral Voltage (L2-G),TBA,X,-,-,IEC61850,MX,TBA,IEC104,10,,,,,,9,0,kV,X,-,-,X,
VCB-7568-10,,277,SG7595,,0,Line-Neutral Voltage (L3-G),TBA,X,-,-,IEC61850,MX,TBA,IEC104,10,,,,,,10,0,kV,X,-,-,X,
VCB-7568-11,,278,SG7596,,0,Line-Line Voltage (L1-L2),TBA,X,-,-,IEC61850,MX,TBA,IEC104,10,,,,,,11,0,kV,X,-,-,X,
VCB-7568-12,,279,SG7597,,0,Line-Line Voltage (L1-L3),TBA,X,-,-,IEC61850,MX,TBA,IEC104,10,,,,,,12,0,kV,X,-,-,X,
VCB-7568-13,,280,SG7598,,0,Line-Line Voltage (L2-L3),TBA,X,-,-,IEC61850,MX,TBA,IEC104,10,,,,,,13,0,kV,X,-,-,X,
VCB-7568-14,,281,SG7599,,0,Current Phase L1,TBA,X,-,-,IEC61850,MX,TBA,IEC104,10,,,,,,14,0,Amp,X,-,-,X,
VCB-7568-15,,282,SG7600,,0,Current Phase L2,TBA,X,-,-,IEC61850,MX,TBA,IEC104,10,,,,,,15,0,Amp,X,-,-,X,
VCB-7568-16,,283,SG7601,,0,Current Phase L3,TBA,X,-,-,IEC61850,MX,TBA,IEC104,10,,,,,,16,0,Amp,X,-,-,X,
VCB-7568-17,,284,SG7602,,0,Power Factor,TBA,X,-,-,IEC61850,MX,TBA,IEC104,10,,,,,,17,0,-,X,-,-,X,
VCB-7568-18,,285,SG7603,,0,Frequency,TBA,X,-,-,IEC61850,MX,TBA,IEC104,10,,,,,,18,0,Hz,X,-,-,X,
VCB-7568-19,,286,SG7604,,0,Active Power,TBA,X,-,-,IEC61850,MX,TBA,IEC104,10,,,,,,19,0,kW,X,-,-,X,
VCB-7568-20,,287,SG7605,,0,Reactive Power,TBA,X,-,-,IEC61850,MX,TBA,IEC104,10,,,,,,20,0,Kvar,X,-,-,X,
VCB-7568-21,,288,SG7606,,0,CB Open/Close command,TBA,-,-,X,-,DC,-,IEC104,10,,,,,,21,0,-,X,X,-,-,
VCB-7568-22,,289,SG7607,,0,CB Opened/Closed Position,TBA,-,X,-,-,DP,-,IEC104,10,,,,,,22,0,-,X,X,-,-,
VCB-7568-23,,290,SG7608,,0,CB Trip,TBA,-,X,-,-,SP,-,IEC104,10,,,,,,23,0,-,X,X,-,-,
,,,,,,,,,,,,,,,,,,,,,,,,,,,,
VCB-7563-01,,291,SG7610,,0,Bus-tie Protection Relay at MV SWGR,TBA,-,X,-,IEC61850,SP,TBA,IEC104,11,,,,,,1,0,-,X,X,X,-,
VCB-7563-02,,292,SG7611,,0,50 - Instantaneuous Over-current relay,TBA,-,X,-,IEC61851,SP,TBA,IEC104,11,,,,,,2,0,-,X,X,X,-,
VCB-7563-03,,293,SG7612,,0,51 - Time Over-current relay,TBA,-,X,-,IEC61852,SP,TBA,IEC104,11,,,,,,3,0,-,X,X,X,-,
VCB-7563-04,,294,SG7613,,0,51N - Neutral overcurrent relay,TBA,-,X,-,IEC61853,SP,TBA,IEC104,11,,,,,,4,0,-,X,X,X,-,
VCB-7563-05,,295,SG7614,,0,CB Open/Close command,TBA,-,-,X,-,DC,-,IEC104,11,,,,,,21,0,-,X,X,-,-,
VCB-7563-06,,296,SG7615,,0,CB Opened/Closed Position,TBA,-,X,-,-,DP,-,IEC104,11,,,,,,22,0,-,X,X,-,-,
VCB-7563-07,,297,SG7616,,0,CB Trip,TBA,-,X,-,-,SP,-,IEC104,11,,,,,,23,0,-,X,X,-,-,
